full-name;html-url;stars;forks;created-at;updated-at;pushed-at;default-branch;owner-name;owner-id;owner-type;is-fork;fork-parent
ameesha12345/Rasa-Dynamic-chatbot;https://github.com/ameesha12345/Rasa-Dynamic-chatbot;0;0;2025-01-10T10:12:26Z;2025-01-10T10:12:26Z;2025-01-10T10:12:26Z;main;ameesha12345;171430266;User;False;
mylyyyyy/Chatbot-Rasa;https://github.com/mylyyyyy/Chatbot-Rasa;0;0;2025-01-08T10:04:37Z;2025-01-08T10:04:37Z;2025-01-08T10:04:37Z;main;mylyyyyy;93071012;User;False;
MichalWilk45/RasaChatbot;https://github.com/MichalWilk45/RasaChatbot;0;0;2024-12-21T17:01:37Z;2024-12-21T17:01:37Z;2024-12-21T17:01:37Z;main;MichalWilk45;98054070;User;False;
NeelimaPamarthi/chatbot-rasa;https://github.com/NeelimaPamarthi/chatbot-rasa;0;0;2024-12-21T10:17:01Z;2024-12-21T10:17:02Z;2024-12-21T10:17:02Z;main;NeelimaPamarthi;45457890;User;False;
sjake12/dms-chatbot;https://github.com/sjake12/dms-chatbot;0;0;2024-12-17T01:34:23Z;2024-12-17T01:34:23Z;2024-12-17T01:34:23Z;main;sjake12;134672864;User;False;
Yomi-brenda/Chatebot;https://github.com/Yomi-brenda/Chatebot;0;0;2024-11-25T15:42:52Z;2024-11-25T15:42:52Z;2024-11-25T15:42:52Z;main;Yomi-brenda;169000905;User;False;
Khoawawa/car-cs-chatbot-with-rasa-and-streamlit;https://github.com/Khoawawa/car-cs-chatbot-with-rasa-and-streamlit;0;0;2024-11-20T04:41:03Z;2024-11-20T04:41:03Z;2024-11-20T04:41:03Z;main;Khoawawa;145202973;User;False;
AhmetUnuvar/Rasa-Chatbot-Aygaz;https://github.com/AhmetUnuvar/Rasa-Chatbot-Aygaz;0;0;2024-11-18T19:32:38Z;2024-11-18T19:32:38Z;2024-11-18T19:32:38Z;main;AhmetUnuvar;95508776;User;False;
SpringMuch/Rasa-Noob;https://github.com/SpringMuch/Rasa-Noob;0;0;2024-11-04T09:09:38Z;2024-11-04T09:09:38Z;2024-11-04T09:09:38Z;main;SpringMuch;169158055;User;False;
rafaelwollace/chatbot;https://github.com/rafaelwollace/chatbot;0;0;2024-10-26T02:01:22Z;2024-10-26T02:01:22Z;2024-10-26T02:01:22Z;main;rafaelwollace;3629901;User;False;
sougo3623/rasa-chatbot;https://github.com/sougo3623/rasa-chatbot;0;0;2024-10-22T05:25:40Z;2024-10-22T05:25:40Z;2024-10-22T05:25:40Z;main;sougo3623;185882380;User;False;
cabrellKana/Rasa_NLU_Chatbot;https://github.com/cabrellKana/Rasa_NLU_Chatbot;0;0;2024-10-21T21:40:25Z;2024-10-21T21:40:26Z;2024-10-21T21:40:26Z;main;cabrellKana;173369706;User;False;
ducankk4/rasa_chatbot;https://github.com/ducankk4/rasa_chatbot;0;0;2024-10-14T11:22:12Z;2024-10-14T11:22:12Z;2024-10-14T11:22:12Z;main;ducankk4;151956807;User;False;
Sanika347/my-rasa-chatbot;https://github.com/Sanika347/my-rasa-chatbot;0;0;2024-10-12T09:06:58Z;2024-10-12T09:10:05Z;2024-10-12T09:06:58Z;main;Sanika347;122077194;User;False;
Jasmin-Mae-G-Mamon/RASA_CHAT2;https://github.com/Jasmin-Mae-G-Mamon/RASA_CHAT2;0;0;2024-10-07T12:55:30Z;2024-10-07T12:55:30Z;2024-10-07T12:55:30Z;main;Jasmin-Mae-G-Mamon;112666992;User;False;
almaalt/chatbot-ppks;https://github.com/almaalt/chatbot-ppks;0;0;2024-10-02T22:57:47Z;2024-10-02T22:57:47Z;2024-10-02T22:57:47Z;main;almaalt;66728532;User;False;
rohitbeniwal01/Banking-chatbot-using-rasa;https://github.com/rohitbeniwal01/Banking-chatbot-using-rasa;0;0;2024-09-22T16:00:33Z;2024-09-22T16:00:34Z;2024-09-22T16:00:34Z;main;rohitbeniwal01;182370286;User;False;
nguyenphuctien4865/E-commerce-with-Rasa-chatbot;https://github.com/nguyenphuctien4865/E-commerce-with-Rasa-chatbot;0;0;2024-09-09T07:49:39Z;2024-09-26T06:20:07Z;2024-09-09T07:49:39Z;main;nguyenphuctien4865;59163718;User;False;
7onc3k/chatbot_rasa_digitalfusion;https://github.com/7onc3k/chatbot_rasa_digitalfusion;0;0;2024-08-14T09:16:19Z;2024-08-14T09:16:20Z;2024-08-14T09:16:20Z;main;7onc3k;51455260;User;False;
BasitAzizRajput/rasaChatbot;https://github.com/BasitAzizRajput/rasaChatbot;0;0;2024-08-12T10:25:43Z;2024-08-12T10:25:43Z;2024-08-12T10:25:43Z;main;BasitAzizRajput;130133050;User;False;
Prateekbhatt01/rasas-chatbot;https://github.com/Prateekbhatt01/rasas-chatbot;0;0;2024-08-10T07:38:42Z;2024-08-10T07:38:43Z;2024-08-10T07:38:43Z;main;Prateekbhatt01;166580172;User;False;
RuchaRudrabhate/RasaChatbotForUniversity;https://github.com/RuchaRudrabhate/RasaChatbotForUniversity;0;0;2024-07-23T18:21:50Z;2024-07-23T18:21:51Z;2024-07-23T18:21:51Z;main;RuchaRudrabhate;97243207;User;False;
Jeeya-Inamdar/Rasa-ChatBot;https://github.com/Jeeya-Inamdar/Rasa-ChatBot;0;0;2024-07-14T07:19:36Z;2024-07-14T07:19:36Z;2024-07-14T07:19:36Z;main;Jeeya-Inamdar;129672572;User;False;
SeniorBigotes/chatbot-rasa;https://github.com/SeniorBigotes/chatbot-rasa;0;0;2024-07-08T02:58:50Z;2024-07-08T02:58:50Z;2024-07-08T02:58:50Z;main;SeniorBigotes;86330123;User;False;
BickySinghwork/rasa-chatbot;https://github.com/BickySinghwork/rasa-chatbot;0;0;2024-07-03T11:36:42Z;2024-07-03T11:36:42Z;2024-07-03T11:36:42Z;main;BickySinghwork;174610422;User;False;
RajeswariKumaran/HotelReservationChatbot-Rasa;https://github.com/RajeswariKumaran/HotelReservationChatbot-Rasa;0;0;2024-06-29T16:52:13Z;2024-06-29T16:52:13Z;2024-06-29T16:52:13Z;main;RajeswariKumaran;52888997;User;False;
vrinda-project/rasa_chatbot;https://github.com/vrinda-project/rasa_chatbot;0;0;2024-06-25T07:50:46Z;2024-06-25T07:50:46Z;2024-06-25T07:50:46Z;main;vrinda-project;77617741;User;False;
NupurPaliwal11/bank-assisstance-rasa-chatbot;https://github.com/NupurPaliwal11/bank-assisstance-rasa-chatbot;0;0;2024-06-24T09:19:47Z;2024-06-24T09:19:47Z;2024-06-24T09:19:47Z;main;NupurPaliwal11;167079923;User;False;
saf1ya/chatbot;https://github.com/saf1ya/chatbot;0;0;2024-06-20T14:36:42Z;2024-06-20T14:36:43Z;2024-06-20T14:36:42Z;main;saf1ya;119602685;User;False;
InaraSouza/ChatBotRasa;https://github.com/InaraSouza/ChatBotRasa;0;0;2024-06-16T12:34:32Z;2024-06-16T12:34:32Z;2024-06-16T12:34:32Z;main;InaraSouza;70184145;User;False;
Gfhessen/OpportunityOrbit;https://github.com/Gfhessen/OpportunityOrbit;0;0;2024-06-03T03:18:29Z;2024-06-03T03:18:29Z;2024-06-03T03:18:29Z;main;Gfhessen;164100610;User;False;
karimomrane/Chatbot-Rasa-Back-Python;https://github.com/karimomrane/Chatbot-Rasa-Back-Python;0;0;2024-06-02T02:45:08Z;2024-06-02T02:45:08Z;2024-06-02T02:45:08Z;main;karimomrane;63483461;User;False;
Ishaq-p/Rasa_chatBot;https://github.com/Ishaq-p/Rasa_chatBot;0;0;2024-05-24T16:15:59Z;2024-05-24T16:16:00Z;2024-05-24T16:16:00Z;main;Ishaq-p;65335868;User;False;
DiegoIEC/Chatbot-with-Rasa;https://github.com/DiegoIEC/Chatbot-with-Rasa;0;0;2024-05-18T20:44:05Z;2024-05-18T20:44:05Z;2024-05-18T20:44:05Z;main;DiegoIEC;53939730;User;False;
mamtajha-ts/rasa-chatbot;https://github.com/mamtajha-ts/rasa-chatbot;0;0;2024-05-01T18:34:00Z;2024-05-01T18:34:01Z;2024-05-01T18:34:01Z;main;mamtajha-ts;53425362;User;False;
Fefe-Rc/rasa_chatbot;https://github.com/Fefe-Rc/rasa_chatbot;0;0;2024-04-22T07:25:42Z;2024-04-22T07:25:43Z;2024-04-22T07:25:43Z;main;Fefe-Rc;147915628;User;False;
dokotela021/rasa-chatbot-university-selection-assistance;https://github.com/dokotela021/rasa-chatbot-university-selection-assistance;0;0;2024-04-19T21:48:02Z;2024-04-19T21:48:02Z;2024-04-19T21:48:02Z;main;dokotela021;126469844;User;False;
Nsibihedi/custum-parcel-chatbot-rasa;https://github.com/Nsibihedi/custum-parcel-chatbot-rasa;1;0;2024-04-18T14:56:08Z;2024-04-18T15:17:31Z;2024-04-18T14:56:09Z;main;Nsibihedi;132267952;User;False;
Mayur7718070709/Chatbot;https://github.com/Mayur7718070709/Chatbot;0;0;2024-04-14T20:19:29Z;2024-04-14T20:19:29Z;2024-04-14T20:19:29Z;mayur;Mayur7718070709;50384338;User;False;
HiNT89/rasa-chatbot;https://github.com/HiNT89/rasa-chatbot;0;0;2024-04-14T13:27:10Z;2024-04-14T13:27:11Z;2024-04-14T13:27:11Z;main;HiNT89;107159970;User;False;
abirallaoui/TP4_ChatbotRasa_ReservationRestaurant;https://github.com/abirallaoui/TP4_ChatbotRasa_ReservationRestaurant;0;0;2024-04-03T22:59:19Z;2024-04-03T22:59:20Z;2024-04-03T22:59:20Z;main;abirallaoui;135226898;User;False;
Anildumbare/Rasa-Restaurant-Chatbot;https://github.com/Anildumbare/Rasa-Restaurant-Chatbot;0;0;2024-03-29T18:13:12Z;2024-03-29T18:13:12Z;2024-03-29T18:13:12Z;main;Anildumbare;134308833;User;False;
salbinodev/echatbot;https://github.com/salbinodev/echatbot;0;0;2024-03-21T18:44:50Z;2024-03-21T18:44:50Z;2024-03-21T18:44:50Z;main;salbinodev;116595762;User;False;
SivanBershan/chat_bot;https://github.com/SivanBershan/chat_bot;0;0;2024-03-21T07:20:24Z;2024-03-21T07:20:24Z;2024-03-21T07:20:24Z;main;SivanBershan;2496985;User;False;
mohamedsaoud7/Rasa-chatbot;https://github.com/mohamedsaoud7/Rasa-chatbot;0;0;2024-03-20T09:41:10Z;2024-03-20T09:41:10Z;2024-03-20T09:41:10Z;main;mohamedsaoud7;100589406;User;False;
ayajansari/chatbot_rasa;https://github.com/ayajansari/chatbot_rasa;0;0;2024-02-28T09:19:44Z;2024-02-28T09:19:44Z;2024-02-28T09:19:44Z;main;ayajansari;79745454;User;False;
kosgei-cr/chatbot;https://github.com/kosgei-cr/chatbot;0;0;2024-02-22T13:57:27Z;2024-02-22T13:57:27Z;2024-02-22T13:57:27Z;main;kosgei-cr;79512663;User;False;
MeenakshiNandipati/RasaChatbot;https://github.com/MeenakshiNandipati/RasaChatbot;0;0;2024-02-08T13:45:00Z;2024-02-08T13:45:00Z;2024-02-08T13:45:00Z;main;MeenakshiNandipati;138672846;User;False;
jiayi-xian/rasa_calm_chatbot;https://github.com/jiayi-xian/rasa_calm_chatbot;0;0;2024-01-31T23:47:49Z;2024-01-31T23:47:50Z;2024-01-31T23:47:50Z;main;jiayi-xian;65373037;User;False;
shadealarbed/rasa_chatbot;https://github.com/shadealarbed/rasa_chatbot;0;0;2024-01-23T14:50:24Z;2024-01-23T14:50:24Z;2024-01-23T14:50:24Z;main;shadealarbed;82084137;User;False;
AdarshAKJ/ChatBot-For-College-Website-Using-rasa-FrameWork;https://github.com/AdarshAKJ/ChatBot-For-College-Website-Using-rasa-FrameWork;0;0;2023-12-31T17:47:04Z;2024-02-14T09:07:28Z;2023-12-31T17:47:04Z;main;AdarshAKJ;108177882;User;False;
SHINMIN7/RASA-chatbot;https://github.com/SHINMIN7/RASA-chatbot;0;0;2023-12-10T15:40:19Z;2023-12-10T15:40:19Z;2023-12-10T15:40:19Z;main;SHINMIN7;75729543;User;False;
Nico20234/Telered_bot;https://github.com/Nico20234/Telered_bot;0;0;2023-11-17T14:49:53Z;2023-11-17T14:49:53Z;2023-11-17T14:49:53Z;main;Nico20234;132843632;User;False;
traromal/RASA-CHATBOT-MALAYALAM;https://github.com/traromal/RASA-CHATBOT-MALAYALAM;0;0;2023-11-15T05:31:59Z;2023-11-15T05:32:00Z;2023-11-15T05:32:00Z;main;traromal;75684324;User;False;
KomarajuKrishna/rasaChatbot;https://github.com/KomarajuKrishna/rasaChatbot;0;0;2023-11-01T08:57:05Z;2023-11-01T08:57:06Z;2023-11-01T08:57:05Z;main;KomarajuKrishna;144030112;User;False;
W2AlharbiMe/sda-w1d1-hello-rasa;https://github.com/W2AlharbiMe/sda-w1d1-hello-rasa;0;0;2023-10-17T03:39:04Z;2023-10-17T03:39:05Z;2023-10-17T03:39:05Z;main;W2AlharbiMe;43024659;User;False;
yashpratap914/RASA_EMAIL_CHATBOT;https://github.com/yashpratap914/RASA_EMAIL_CHATBOT;0;0;2023-10-05T17:30:49Z;2023-10-05T17:30:49Z;2023-10-05T17:30:49Z;main;yashpratap914;122447300;User;False;
atharv441/chatbot_rasa;https://github.com/atharv441/chatbot_rasa;0;0;2023-09-30T17:49:06Z;2023-09-30T17:49:07Z;2023-09-30T17:49:07Z;main;atharv441;119008433;User;False;
pvanand09/rasa-chatbot;https://github.com/pvanand09/rasa-chatbot;0;0;2023-09-28T10:46:56Z;2023-09-28T10:46:57Z;2023-09-28T10:46:57Z;main;pvanand09;145796407;User;False;
Subhan-Zaheer/Legal_Assistant_Chatbot_usingRASA;https://github.com/Subhan-Zaheer/Legal_Assistant_Chatbot_usingRASA;0;0;2023-09-20T19:17:53Z;2023-09-20T19:17:53Z;2023-09-20T19:17:53Z;main;Subhan-Zaheer;89686099;User;False;
Darshanamakode/the-rasa-chatbot;https://github.com/Darshanamakode/the-rasa-chatbot;0;0;2023-09-08T04:54:56Z;2023-09-08T04:54:57Z;2023-09-08T04:54:57Z;main;Darshanamakode;106524353;User;False;
SarahKaren4/rasa-chatbot;https://github.com/SarahKaren4/rasa-chatbot;0;0;2023-08-21T09:03:51Z;2023-08-21T09:03:52Z;2023-08-21T09:03:52Z;main;SarahKaren4;45682031;User;False;
GuanghuiMin/Rasa_Fin_Faq;https://github.com/GuanghuiMin/Rasa_Fin_Faq;0;0;2023-08-16T12:18:15Z;2023-08-16T12:18:15Z;2023-08-16T12:18:15Z;main;GuanghuiMin;31447531;User;False;
tusharsharma13620/chatbot;https://github.com/tusharsharma13620/chatbot;0;0;2023-08-14T09:00:53Z;2023-08-14T09:00:53Z;2023-08-14T09:00:53Z;main;tusharsharma13620;101060853;User;False;
bedirachit/chatbotRasa;https://github.com/bedirachit/chatbotRasa;0;0;2023-08-09T05:13:02Z;2023-08-09T05:13:02Z;2023-08-09T05:13:02Z;main;bedirachit;32267050;User;False;
geethango/chatbot_rasa;https://github.com/geethango/chatbot_rasa;0;0;2023-08-02T08:16:52Z;2023-08-02T08:16:52Z;2023-08-02T08:16:52Z;main;geethango;78137069;User;False;
SkMamtajuddin/rasa-chatbot-travel;https://github.com/SkMamtajuddin/rasa-chatbot-travel;0;0;2023-07-24T00:58:32Z;2023-07-24T00:58:32Z;2023-07-24T00:58:32Z;main;SkMamtajuddin;3282639;User;False;
mehalg/Netlfix-Chatbot-RASA;https://github.com/mehalg/Netlfix-Chatbot-RASA;0;0;2023-07-23T11:04:18Z;2023-07-23T11:04:18Z;2023-07-23T11:04:18Z;main;mehalg;97086706;User;False;
TELLILIEya/chatbot_with_rasa;https://github.com/TELLILIEya/chatbot_with_rasa;0;0;2023-07-15T08:45:41Z;2023-07-15T08:49:52Z;2023-07-15T08:45:42Z;main;TELLILIEya;100238950;User;False;
Sinan1997/US-Chatbot-Rasa;https://github.com/Sinan1997/US-Chatbot-Rasa;0;0;2023-07-10T08:53:54Z;2023-07-10T08:53:54Z;2023-07-10T08:53:54Z;main;Sinan1997;82833395;User;False;
harshan3/RasaChatbot3;https://github.com/harshan3/RasaChatbot3;0;0;2023-07-01T02:05:53Z;2023-07-01T02:05:54Z;2023-07-01T02:05:54Z;main;harshan3;31043586;User;False;
harshan3/RasaChatbot;https://github.com/harshan3/RasaChatbot;0;0;2023-06-29T13:14:19Z;2023-06-29T13:14:19Z;2023-06-29T13:14:19Z;main;harshan3;31043586;User;False;
trung08052001-hcm/ChatbotAiRasa;https://github.com/trung08052001-hcm/ChatbotAiRasa;0;0;2023-06-27T06:59:35Z;2023-06-27T06:59:36Z;2023-06-27T06:59:36Z;main;trung08052001-hcm;110911150;User;False;
Devashree161/rasa-chatbot-final;https://github.com/Devashree161/rasa-chatbot-final;0;0;2023-06-24T05:00:18Z;2023-06-24T05:00:19Z;2023-06-24T05:00:19Z;main;Devashree161;59756028;User;False;
Samirhijazi/rasa-chatbot-v1;https://github.com/Samirhijazi/rasa-chatbot-v1;0;0;2023-06-14T04:22:30Z;2023-06-14T04:22:30Z;2023-06-14T04:22:30Z;main;Samirhijazi;73133915;User;False;
ThejakaSEP/Rasa_Chatbot;https://github.com/ThejakaSEP/Rasa_Chatbot;0;0;2023-06-11T05:08:09Z;2023-06-11T05:08:10Z;2023-06-11T05:08:09Z;main;ThejakaSEP;8231599;User;False;
mithiladilshan9977/Rasa-chatbot-using-python;https://github.com/mithiladilshan9977/Rasa-chatbot-using-python;0;0;2023-06-08T09:36:59Z;2023-06-08T09:36:59Z;2023-06-08T09:36:59Z;main;mithiladilshan9977;97790518;User;False;
Malavika-a-menon/Rasa-Chatbot-with-Whatsapp-Integration;https://github.com/Malavika-a-menon/Rasa-Chatbot-with-Whatsapp-Integration;0;0;2023-06-02T09:22:10Z;2023-06-02T09:22:11Z;2023-06-02T09:22:11Z;main;Malavika-a-menon;114343403;User;False;
laroshan/Rasa_new_ugc_chatbot;https://github.com/laroshan/Rasa_new_ugc_chatbot;0;0;2023-06-02T01:57:55Z;2023-06-02T01:57:55Z;2023-06-02T01:57:55Z;main;laroshan;56508419;User;False;
Yesh-SFdev/Rasa-Chatbot;https://github.com/Yesh-SFdev/Rasa-Chatbot;0;0;2023-05-25T04:56:21Z;2023-05-25T04:56:21Z;2023-05-25T04:56:21Z;main;Yesh-SFdev;114341204;User;False;
durga-SFev/Empathetic;https://github.com/durga-SFev/Empathetic;0;0;2023-05-24T12:06:15Z;2023-05-24T12:06:16Z;2023-05-24T12:06:16Z;main;durga-SFev;114341333;User;False;
oriankeith002/chatbot_rasa;https://github.com/oriankeith002/chatbot_rasa;0;0;2023-05-20T15:18:24Z;2023-05-20T15:18:24Z;2023-05-20T15:18:24Z;main;oriankeith002;113267981;User;False;
DnyaneshwarNamdevNagane/rasa_bot;https://github.com/DnyaneshwarNamdevNagane/rasa_bot;0;0;2023-05-03T02:26:16Z;2023-05-03T02:26:16Z;2023-05-03T02:26:16Z;main;DnyaneshwarNamdevNagane;96781223;User;False;
Lassstro/Web-ban-hang-django-chatbot-rasa;https://github.com/Lassstro/Web-ban-hang-django-chatbot-rasa;0;0;2023-04-25T09:29:50Z;2023-04-25T09:29:51Z;2023-04-25T09:29:51Z;main;Lassstro;107174075;User;False;
yanivgoren/rasa-dev-tutorial;https://github.com/yanivgoren/rasa-dev-tutorial;0;0;2023-04-08T11:40:03Z;2023-04-08T11:40:03Z;2023-04-08T11:40:04Z;main;yanivgoren;13835091;User;False;
21hook/rasa-templates;https://github.com/21hook/rasa-templates;0;0;2023-03-27T14:39:15Z;2023-03-27T14:39:15Z;2023-03-27T14:39:16Z;main;21hook;12013072;User;False;
amrsamir01/Rasa_Chatbot;https://github.com/amrsamir01/Rasa_Chatbot;0;0;2023-03-15T08:10:57Z;2023-03-15T08:10:57Z;2023-03-15T08:10:58Z;main;amrsamir01;85948118;User;False;
Manisha1794/Chatbot;https://github.com/Manisha1794/Chatbot;0;0;2023-03-13T06:22:56Z;2023-03-13T06:22:56Z;2023-03-13T06:22:56Z;main;Manisha1794;50551293;User;False;
junepark678/rasa-chatbot;https://github.com/junepark678/rasa-chatbot;0;0;2023-03-13T00:30:36Z;2023-03-13T00:30:36Z;2023-03-13T00:30:36Z;master;junepark678;40409848;User;False;
akafounis/rasa-chatbot;https://github.com/akafounis/rasa-chatbot;0;0;2023-03-05T21:56:49Z;2023-03-05T21:56:49Z;2023-03-05T21:56:49Z;main;akafounis;44835731;User;False;
HritikRao30/vustom-chatbot-using-RASA;https://github.com/HritikRao30/vustom-chatbot-using-RASA;0;0;2023-03-04T15:05:07Z;2023-03-04T15:05:07Z;2023-03-04T15:05:08Z;main;HritikRao30;106025270;User;False;
Prathyusha-96/Rasa_ChatBot9;https://github.com/Prathyusha-96/Rasa_ChatBot9;0;0;2023-03-03T05:14:33Z;2023-03-03T05:14:33Z;2023-03-03T05:14:33Z;main;Prathyusha-96;89379190;User;False;
chriskriswong/rasa;https://github.com/chriskriswong/rasa;0;0;2023-03-02T03:11:16Z;2023-03-02T04:47:07Z;2023-03-02T03:11:16Z;main;chriskriswong;126741813;User;False;
Prathyusha-96/Rasa_ChatBot8;https://github.com/Prathyusha-96/Rasa_ChatBot8;0;0;2023-02-21T07:12:07Z;2023-02-21T07:12:07Z;2023-02-21T07:12:07Z;main;Prathyusha-96;89379190;User;False;
Imad-AHDDAD/Chatbot-rasa;https://github.com/Imad-AHDDAD/Chatbot-rasa;0;0;2023-02-18T13:51:48Z;2023-02-18T13:51:48Z;2023-02-18T13:51:48Z;main;Imad-AHDDAD;103340643;User;False;
siwar-ferchichi/chatbot-Rasa;https://github.com/siwar-ferchichi/chatbot-Rasa;0;0;2023-02-10T08:50:55Z;2023-02-10T08:50:55Z;2023-02-10T08:50:56Z;main;siwar-ferchichi;81855724;User;False;
tuananh203/ChatbotRASA;https://github.com/tuananh203/ChatbotRASA;0;0;2023-02-03T04:41:22Z;2023-02-03T04:41:22Z;2023-02-03T04:41:22Z;main;tuananh203;92447887;User;False;
HawChunYuan/JIRA_rasa_chatbot;https://github.com/HawChunYuan/JIRA_rasa_chatbot;0;0;2023-01-31T02:26:09Z;2023-01-31T02:26:09Z;2023-01-31T02:26:10Z;main;HawChunYuan;97434866;User;False;
orgTestCodacy11KRepos110MB/repo-7394-rasa_chatbot_cn;https://github.com/orgTestCodacy11KRepos110MB/repo-7394-rasa_chatbot_cn;0;0;2023-01-30T09:35:15Z;2023-01-30T09:35:15Z;2023-01-30T09:35:15Z;main;orgTestCodacy11KRepos110MB;123936962;Organization;False;
zvoosh/demo;https://github.com/zvoosh/demo;0;0;2023-01-29T15:34:58Z;2024-04-29T14:20:41Z;2023-01-29T15:34:58Z;main;zvoosh;47329274;User;False;
Sinan1997/Rasa-ChatBot;https://github.com/Sinan1997/Rasa-ChatBot;0;0;2023-01-20T16:29:50Z;2023-01-20T16:29:50Z;2023-01-20T16:29:51Z;main;Sinan1997;82833395;User;False;
preety11pandey/chatbot;https://github.com/preety11pandey/chatbot;0;0;2023-01-03T08:06:12Z;2023-01-03T08:06:12Z;2023-01-03T08:06:12Z;main;preety11pandey;108891861;User;False;
Prathyusha-96/Rasa_ChatBot;https://github.com/Prathyusha-96/Rasa_ChatBot;0;0;2022-12-22T05:32:00Z;2022-12-22T05:32:00Z;2022-12-22T05:32:01Z;main;Prathyusha-96;89379190;User;False;
Destroyer11411/Rasa-chatbot;https://github.com/Destroyer11411/Rasa-chatbot;0;0;2022-12-15T16:45:39Z;2022-12-15T16:45:39Z;2022-12-15T16:45:40Z;main;Destroyer11411;82145533;User;False;
LeNguyenTruongVu/chatbot_rasa_doannhanh;https://github.com/LeNguyenTruongVu/chatbot_rasa_doannhanh;0;0;2022-11-03T01:13:35Z;2022-11-03T01:13:35Z;2022-11-03T01:13:35Z;main;LeNguyenTruongVu;117322824;User;False;
khoubaib-sudo/ChatBot;https://github.com/khoubaib-sudo/ChatBot;0;0;2022-10-22T15:11:22Z;2022-10-22T15:11:22Z;2022-10-22T15:11:23Z;main;khoubaib-sudo;83957252;User;False;
HSC20-harpreet/slk-rasa-chatbot;https://github.com/HSC20-harpreet/slk-rasa-chatbot;0;0;2022-10-06T13:17:06Z;2022-10-06T13:17:06Z;2022-10-06T13:17:07Z;main;HSC20-harpreet;115162818;User;False;
khalillan/Chatbot-Rasa;https://github.com/khalillan/Chatbot-Rasa;0;0;2022-10-03T23:34:30Z;2022-10-03T23:34:30Z;2022-10-03T23:34:31Z;main;khalillan;73406057;User;False;
ricktorzynski/rasa-dropbot;https://github.com/ricktorzynski/rasa-dropbot;0;0;2022-08-28T16:53:19Z;2022-08-28T16:53:19Z;2022-08-28T16:53:19Z;main;ricktorzynski;22782381;User;False;
Adanzin/IA-RASA;https://github.com/Adanzin/IA-RASA;0;0;2022-08-26T18:12:47Z;2022-08-26T18:12:47Z;2022-08-26T18:12:48Z;main;Adanzin;104316647;User;False;
samriddhi-chawla/FAQ-ChatBot-Using-RASA-NLU;https://github.com/samriddhi-chawla/FAQ-ChatBot-Using-RASA-NLU;0;0;2022-08-26T14:09:28Z;2022-08-26T14:09:28Z;2022-08-26T14:09:29Z;main;samriddhi-chawla;111441410;User;False;
jin24324/Chatbot-with-Rasa;https://github.com/jin24324/Chatbot-with-Rasa;0;0;2022-07-27T07:46:40Z;2022-07-27T07:46:40Z;2022-07-27T07:46:41Z;main;jin24324;91858788;User;False;
Bantik1286/RasaChatbot;https://github.com/Bantik1286/RasaChatbot;0;0;2022-07-26T12:38:29Z;2022-07-26T12:38:29Z;2022-07-26T12:38:30Z;main;Bantik1286;67193834;User;False;
Rutujakadam0204/rasa-chatbot-django;https://github.com/Rutujakadam0204/rasa-chatbot-django;0;0;2022-07-22T08:41:04Z;2022-07-22T08:41:04Z;2022-07-22T08:41:05Z;main;Rutujakadam0204;72347439;User;False;
AnHoangbk19/Alita_Chatbot;https://github.com/AnHoangbk19/Alita_Chatbot;0;0;2022-07-20T08:18:53Z;2022-07-20T08:18:53Z;2022-07-20T08:18:54Z;main;AnHoangbk19;93423155;User;False;
yuhlee610/rasa-chatbot;https://github.com/yuhlee610/rasa-chatbot;0;0;2022-06-28T13:29:33Z;2022-06-28T13:29:33Z;2022-06-28T13:29:34Z;main;yuhlee610;74605855;User;False;
pratyushparida18/rasa-demo-chatbot2;https://github.com/pratyushparida18/rasa-demo-chatbot2;0;0;2022-06-25T05:22:20Z;2022-06-25T05:22:20Z;2022-06-25T05:22:21Z;main;pratyushparida18;73376735;User;False;
kchanakya91/rasa_chatbot;https://github.com/kchanakya91/rasa_chatbot;0;0;2022-06-10T20:39:07Z;2022-06-10T20:39:07Z;2022-06-10T20:39:07Z;main;kchanakya91;90068126;User;False;
Department-of-AIML/RASA-chatbot;https://github.com/Department-of-AIML/RASA-chatbot;0;0;2022-05-23T17:15:56Z;2022-05-23T17:15:56Z;2022-05-23T17:15:57Z;main;Department-of-AIML;100130617;Organization;False;
abu-rayyan/rasa_chatbot;https://github.com/abu-rayyan/rasa_chatbot;0;0;2022-05-23T07:48:22Z;2022-05-23T07:48:22Z;2022-05-23T07:48:23Z;main;abu-rayyan;34974698;User;False;
i-Anshal/rasa-chatbot;https://github.com/i-Anshal/rasa-chatbot;0;0;2022-05-22T17:01:43Z;2022-05-22T17:01:43Z;2022-05-22T17:01:43Z;main;i-Anshal;59865020;User;False;
AbiamRemacheGonzalez/Sistema-Docker-for-a-RASA-Chatbot;https://github.com/AbiamRemacheGonzalez/Sistema-Docker-for-a-RASA-Chatbot;0;0;2022-05-21T15:50:35Z;2022-05-21T15:50:35Z;2022-05-21T15:50:35Z;main;AbiamRemacheGonzalez;72497926;User;False;
quangkhanhvihat/rasa_omicall;https://github.com/quangkhanhvihat/rasa_omicall;0;0;2022-05-16T09:35:35Z;2022-05-16T09:35:35Z;2022-05-16T09:35:36Z;main;quangkhanhvihat;89368015;User;False;
sushilpurohit/rasa_chatbot;https://github.com/sushilpurohit/rasa_chatbot;0;0;2022-05-10T20:50:11Z;2022-05-10T20:50:11Z;2022-05-10T20:50:12Z;main;sushilpurohit;104438268;User;False;
khairi-brahmi/movs-chatbot-rasa;https://github.com/khairi-brahmi/movs-chatbot-rasa;1;0;2022-05-07T18:34:10Z;2023-03-28T00:05:49Z;2022-05-07T18:34:11Z;Development;khairi-brahmi;58664611;User;False;
Patil-Chaitanya/Chatbot_RASA;https://github.com/Patil-Chaitanya/Chatbot_RASA;0;0;2022-04-25T16:29:28Z;2022-04-25T16:29:28Z;2022-04-25T16:29:28Z;main;Patil-Chaitanya;74103603;User;False;
lvyin1122/styled-chatbot-rasa;https://github.com/lvyin1122/styled-chatbot-rasa;0;0;2022-04-13T12:37:10Z;2022-04-13T12:37:10Z;2022-04-13T12:37:11Z;main;lvyin1122;42922524;User;False;
agostinodati/chatbot_hotel_assistent_rasa;https://github.com/agostinodati/chatbot_hotel_assistent_rasa;0;0;2022-04-12T08:06:16Z;2022-04-12T08:06:16Z;2022-04-12T08:06:17Z;main;agostinodati;49189004;User;False;
cprudhvi/rasabot;https://github.com/cprudhvi/rasabot;0;0;2022-04-08T12:48:33Z;2022-04-08T12:48:33Z;2022-04-08T12:48:34Z;main;cprudhvi;46198561;User;False;
Diyamol/Rasa-Chatbot;https://github.com/Diyamol/Rasa-Chatbot;0;0;2022-03-30T05:57:32Z;2022-03-30T05:57:32Z;2022-03-30T05:57:32Z;main;Diyamol;79752373;User;False;
anjuaravind123/Chatbot_Rasa_Server;https://github.com/anjuaravind123/Chatbot_Rasa_Server;0;0;2022-03-07T11:26:50Z;2022-03-07T11:26:50Z;2022-03-07T11:26:51Z;main;anjuaravind123;20700759;User;False;
raheelbaig/First_Rasa_ChatBot;https://github.com/raheelbaig/First_Rasa_ChatBot;0;0;2022-03-07T01:29:55Z;2022-03-07T01:29:55Z;2022-03-07T01:29:55Z;main;raheelbaig;68862554;User;False;
DavideGhiani/rasaX-Project;https://github.com/DavideGhiani/rasaX-Project;0;0;2022-02-11T16:38:49Z;2022-02-11T16:38:49Z;2022-02-11T16:38:50Z;main;DavideGhiani;44809862;User;False;
irungudeveloper/rasa_chatbot;https://github.com/irungudeveloper/rasa_chatbot;0;0;2022-01-25T22:32:49Z;2022-01-25T22:32:49Z;2022-01-25T22:32:50Z;master;irungudeveloper;36546375;User;False;
shankar-bavan/chatbot-rasa-x;https://github.com/shankar-bavan/chatbot-rasa-x;0;0;2021-12-31T12:13:54Z;2021-12-31T12:13:54Z;2021-12-31T12:13:55Z;main;shankar-bavan;48729909;User;False;
Arshiya10-tech/AI-Chatbot-Rasa;https://github.com/Arshiya10-tech/AI-Chatbot-Rasa;0;0;2021-12-28T05:32:32Z;2021-12-28T05:32:32Z;2021-12-28T05:32:33Z;main;Arshiya10-tech;79498640;User;False;
monisha98reddy/Covid-19-Chatbot-;https://github.com/monisha98reddy/Covid-19-Chatbot-;0;0;2021-12-09T07:14:43Z;2021-12-09T07:14:43Z;2021-12-09T07:14:44Z;main;monisha98reddy;63378154;User;False;
josantosc/chatbot-lhia-rasa;https://github.com/josantosc/chatbot-lhia-rasa;0;0;2021-11-23T21:19:03Z;2021-11-23T21:19:03Z;2021-11-23T21:19:03Z;main;josantosc;1392081;User;False;
Thirunayan22/rasa-chatbot;https://github.com/Thirunayan22/rasa-chatbot;0;0;2021-11-20T16:04:23Z;2021-11-20T16:04:23Z;2021-11-20T16:04:23Z;main;Thirunayan22;56014038;User;False;
Ambalika08-sys/Rasa-bot;https://github.com/Ambalika08-sys/Rasa-bot;0;0;2021-11-09T12:37:28Z;2021-11-09T12:37:28Z;2021-11-09T12:37:28Z;main;Ambalika08-sys;83354506;User;False;
NewbieeSaibot/RasaChatbotTutorialLIA;https://github.com/NewbieeSaibot/RasaChatbotTutorialLIA;0;0;2021-11-08T00:17:04Z;2021-11-08T00:17:04Z;2021-11-08T00:17:05Z;main;NewbieeSaibot;48110428;User;False;
raymondfoo99/rasa_chatbot;https://github.com/raymondfoo99/rasa_chatbot;0;0;2021-11-02T03:01:56Z;2021-11-02T03:05:27Z;2021-11-02T03:01:57Z;main;raymondfoo99;93564550;User;False;
sakshiiiiii23/https-github.com-mukesh0290-Doctor-Appointment-Chatbot-using-Rasa;https://github.com/sakshiiiiii23/https-github.com-mukesh0290-Doctor-Appointment-Chatbot-using-Rasa;0;0;2021-10-12T11:10:35Z;2021-10-12T11:10:35Z;2021-10-12T11:10:36Z;main;sakshiiiiii23;88884577;User;False;
mohamedScikitLearn/Rasa_chatbot;https://github.com/mohamedScikitLearn/Rasa_chatbot;1;0;2021-09-21T12:30:32Z;2021-12-07T22:52:02Z;2021-09-21T12:30:32Z;main;mohamedScikitLearn;19480658;User;False;
rockincalvin/chatbotapp;https://github.com/rockincalvin/chatbotapp;0;0;2021-07-31T03:54:09Z;2021-07-31T03:54:09Z;2021-07-31T03:54:10Z;main;rockincalvin;88221230;User;False;
Liafau/chatbot_rasa;https://github.com/Liafau/chatbot_rasa;0;0;2021-07-28T11:04:35Z;2021-07-28T11:04:35Z;2021-07-28T11:04:36Z;main;Liafau;58419564;User;False;
ermanishk/Chatbots-with-Rasa;https://github.com/ermanishk/Chatbots-with-Rasa;0;0;2021-06-11T09:02:05Z;2021-06-11T09:02:05Z;2021-06-11T09:02:06Z;main;ermanishk;13607405;User;False;
manjarimukherjee/rasa_chatbot;https://github.com/manjarimukherjee/rasa_chatbot;0;0;2021-06-07T08:25:03Z;2021-06-07T08:25:03Z;2021-06-07T08:25:04Z;main;manjarimukherjee;66874539;User;False;
tronghuan98hd/QLKS-Chatbot;https://github.com/tronghuan98hd/QLKS-Chatbot;0;0;2021-06-06T18:08:52Z;2021-06-06T18:08:52Z;2021-06-06T18:08:53Z;main;tronghuan98hd;30307373;User;False;
Kouyate01/Chatbot-Rasa;https://github.com/Kouyate01/Chatbot-Rasa;0;0;2021-05-20T17:12:22Z;2021-05-20T17:12:22Z;2021-05-20T17:12:23Z;main;Kouyate01;61124740;User;False;
Adityasingh1210/RasaChatBotInGoogleColab;https://github.com/Adityasingh1210/RasaChatBotInGoogleColab;0;0;2021-05-16T04:22:35Z;2021-05-16T04:22:36Z;2021-05-16T04:22:36Z;main;Adityasingh1210;79078531;User;False;
nivedha3111/chatbot_rasa;https://github.com/nivedha3111/chatbot_rasa;0;0;2021-04-27T11:04:03Z;2021-04-27T11:04:03Z;2021-04-27T11:04:03Z;main;nivedha3111;66461891;User;False;
coole123/Rasa_chatbot;https://github.com/coole123/Rasa_chatbot;0;0;2021-04-19T05:52:32Z;2021-04-19T05:52:32Z;2021-04-19T05:52:33Z;main;coole123;35500000;User;False;
coole123/chatbotnew;https://github.com/coole123/chatbotnew;0;0;2021-04-18T17:10:53Z;2021-04-18T17:10:53Z;2021-04-18T17:10:54Z;main;coole123;35500000;User;False;
MayuriMathur/RasaChatbot;https://github.com/MayuriMathur/RasaChatbot;0;0;2021-04-13T17:36:05Z;2021-04-13T17:36:05Z;2021-04-13T17:36:06Z;main;MayuriMathur;29615313;User;False;
Kavan1406/rasa-ecommerce-chatbot;https://github.com/Kavan1406/rasa-ecommerce-chatbot;0;0;2021-04-08T21:42:13Z;2021-04-08T21:42:13Z;2021-04-08T21:42:14Z;main;Kavan1406;43228855;User;False;
vikkooo013/rasa-chatbot;https://github.com/vikkooo013/rasa-chatbot;0;0;2021-04-03T03:05:12Z;2021-04-03T03:05:12Z;2021-04-03T03:05:13Z;main;vikkooo013;53808060;User;False;
ahmed82/rasa-ai-chatbot;https://github.com/ahmed82/rasa-ai-chatbot;0;0;2021-02-25T04:50:48Z;2021-02-25T04:50:48Z;2021-02-25T04:50:49Z;main;ahmed82;9446035;User;False;
GouthamSiripuram/Restaurant-Search-ChatBot-using-RASA;https://github.com/GouthamSiripuram/Restaurant-Search-ChatBot-using-RASA;0;0;2021-02-24T06:11:55Z;2021-02-24T06:11:55Z;2021-02-24T06:11:56Z;main;GouthamSiripuram;60874073;User;False;
abderrahimBouhamidi/RASA_CHATBOT_Rentacs;https://github.com/abderrahimBouhamidi/RASA_CHATBOT_Rentacs;0;0;2021-02-23T16:39:58Z;2021-02-23T16:39:58Z;2021-02-23T16:39:59Z;main;abderrahimBouhamidi;79531650;User;False;
mylearn123/ChatbotRasa;https://github.com/mylearn123/ChatbotRasa;0;0;2021-01-31T10:55:22Z;2021-01-31T10:55:22Z;2021-01-31T10:55:23Z;main;mylearn123;54399669;User;False;
raihan38/Healthy-Lifestyle-Chatbot-RASA;https://github.com/raihan38/Healthy-Lifestyle-Chatbot-RASA;0;0;2021-01-27T18:04:49Z;2021-01-27T18:06:19Z;2021-01-27T18:04:50Z;main;raihan38;33552824;User;False;
Sachinchauhan801/Chatbot_using_RASA;https://github.com/Sachinchauhan801/Chatbot_using_RASA;0;0;2021-01-24T15:34:44Z;2021-01-24T15:34:44Z;2021-01-24T15:34:45Z;main;Sachinchauhan801;52647518;User;False;
Ravi-kuikel/Rasa-ChatBot-DockerFile-;https://github.com/Ravi-kuikel/Rasa-ChatBot-DockerFile-;0;0;2020-12-15T08:04:54Z;2020-12-15T08:04:54Z;2020-12-15T08:04:56Z;main;Ravi-kuikel;63101161;User;False;
DuyKhoa-lab/Chatbot-rasa;https://github.com/DuyKhoa-lab/Chatbot-rasa;0;0;2020-12-12T14:46:06Z;2020-12-12T14:46:06Z;2020-12-12T14:46:07Z;main;DuyKhoa-lab;75826651;User;False;
caodoanh2001/rasa_chatbot;https://github.com/caodoanh2001/rasa_chatbot;0;0;2020-11-30T07:18:16Z;2020-11-30T07:18:16Z;2020-11-30T07:18:17Z;main;caodoanh2001;56221762;User;False;
sreejit23/Rasa_chatbot;https://github.com/sreejit23/Rasa_chatbot;0;0;2020-11-18T07:57:45Z;2020-11-18T07:57:45Z;2020-11-18T07:57:46Z;main;sreejit23;19370463;User;False;
Sridhar98/rasa-hotel-chatbot;https://github.com/Sridhar98/rasa-hotel-chatbot;0;0;2020-11-13T06:56:56Z;2020-11-13T06:56:56Z;2020-11-13T06:56:57Z;main;Sridhar98;28496797;User;False;
prajwal1227/chatbot;https://github.com/prajwal1227/chatbot;0;0;2020-11-04T11:09:31Z;2020-11-04T11:09:31Z;2020-11-04T11:09:32Z;main;prajwal1227;57712226;User;False;
harman93singh/Rasa_chatbot;https://github.com/harman93singh/Rasa_chatbot;0;0;2020-10-25T02:34:50Z;2020-10-25T02:34:50Z;2020-10-25T02:34:52Z;main;harman93singh;69861611;User;False;
rachnam21/RASA-Chatbot;https://github.com/rachnam21/RASA-Chatbot;0;0;2020-09-20T01:07:10Z;2020-09-20T01:07:10Z;2020-09-20T01:07:11Z;master;rachnam21;64471902;User;False;
ElizavetaShmakova/insurance1chatbot;https://github.com/ElizavetaShmakova/insurance1chatbot;0;0;2020-09-04T14:41:10Z;2020-09-04T14:41:10Z;2020-09-04T14:41:12Z;master;ElizavetaShmakova;41835729;User;False;
addy13rishi/rasa;https://github.com/addy13rishi/rasa;0;0;2020-08-31T04:34:53Z;2020-08-31T04:34:53Z;2020-08-31T04:34:54Z;master;addy13rishi;69872531;User;False;
Pavan-Srivathsa/Chatbot-using-rasa;https://github.com/Pavan-Srivathsa/Chatbot-using-rasa;0;0;2020-08-28T08:39:49Z;2020-08-28T08:39:49Z;2020-08-28T08:39:50Z;master;Pavan-Srivathsa;62050941;User;False;
kaushik-holla/Assistant-chatbot-RASA-;https://github.com/kaushik-holla/Assistant-chatbot-RASA-;0;0;2020-08-25T20:14:43Z;2020-08-25T20:14:43Z;2020-08-25T20:14:44Z;master;kaushik-holla;31002180;User;False;
gideon94/rasa-chatbot;https://github.com/gideon94/rasa-chatbot;0;0;2020-08-25T17:59:25Z;2020-08-25T17:59:25Z;2020-08-25T17:59:26Z;master;gideon94;38518684;User;False;
yathishlax/chatbot-rasax;https://github.com/yathishlax/chatbot-rasax;0;0;2020-06-23T11:55:27Z;2020-06-23T11:55:27Z;2020-06-23T11:55:28Z;master;yathishlax;60317462;User;False;
arnab31399/rasa-customer-service-bot;https://github.com/arnab31399/rasa-customer-service-bot;0;0;2020-06-22T14:56:25Z;2020-06-22T14:56:25Z;2020-06-22T14:56:26Z;master;arnab31399;40349534;User;False;
rkumarkk/Rasa-ChatBot;https://github.com/rkumarkk/Rasa-ChatBot;0;0;2020-05-11T05:25:16Z;2020-05-11T05:25:16Z;2020-05-11T05:25:17Z;master;rkumarkk;62541840;User;False;
abhishek2602/Rasa-Chatbot-Projects;https://github.com/abhishek2602/Rasa-Chatbot-Projects;0;0;2020-04-25T20:42:48Z;2020-04-25T20:42:48Z;2020-04-25T20:42:49Z;master;abhishek2602;29013825;User;False;
garimaagarwal1007/Rasa-chatbot;https://github.com/garimaagarwal1007/Rasa-chatbot;0;0;2020-04-14T14:46:19Z;2020-04-14T14:46:19Z;2020-04-14T14:46:20Z;master;garimaagarwal1007;55384924;User;False;
sathvikajangam/retrievalchatbot;https://github.com/sathvikajangam/retrievalchatbot;0;0;2020-04-10T13:14:47Z;2020-04-10T13:14:47Z;2020-04-10T13:14:47Z;master;sathvikajangam;52733076;User;False;
sathvikajangam/retrievalactionchatbot;https://github.com/sathvikajangam/retrievalactionchatbot;0;0;2020-04-10T13:09:35Z;2020-04-10T13:09:35Z;2020-04-10T13:09:36Z;master;sathvikajangam;52733076;User;False;
as99if/rasa;https://github.com/as99if/rasa;0;0;2020-03-16T17:31:42Z;2020-03-16T17:31:42Z;2020-03-16T17:31:43Z;master;as99if;13261831;User;False;
mohdzakirtruminds/rasa;https://github.com/mohdzakirtruminds/rasa;0;0;2020-01-14T08:59:29Z;2020-01-14T08:59:29Z;2020-01-14T08:59:30Z;master;mohdzakirtruminds;59866497;User;False;
almatins/rasa-fb-chatbot;https://github.com/almatins/rasa-fb-chatbot;0;0;2019-09-27T02:28:59Z;2019-09-27T02:28:59Z;2019-09-27T02:29:00Z;master;almatins;6722445;User;False;
SaharaEa21/Rasa_nlu_chatbot;https://github.com/SaharaEa21/Rasa_nlu_chatbot;0;0;2019-08-23T07:14:28Z;2019-08-23T07:14:28Z;2019-08-23T07:14:29Z;master;SaharaEa21;49285905;User;False;
anshrimi/chatbot_rasa;https://github.com/anshrimi/chatbot_rasa;0;0;2019-07-12T12:00:48Z;2019-07-12T12:00:48Z;2019-07-12T12:00:49Z;master;anshrimi;37956940;User;False;
ParitoshikPaul/rasa-chat-bot;https://github.com/ParitoshikPaul/rasa-chat-bot;0;0;2019-07-03T10:38:09Z;2019-07-03T10:38:09Z;2019-07-03T10:38:09Z;master;ParitoshikPaul;5172271;User;False;
deepak9738/rasa_chatbot_testing;https://github.com/deepak9738/rasa_chatbot_testing;0;0;2019-01-29T13:19:56Z;2019-01-29T13:19:56Z;2019-01-29T13:19:56Z;master;deepak9738;20350510;User;False;
dragoon007/bot;https://github.com/dragoon007/bot;0;0;2019-01-27T08:51:07Z;2019-01-27T08:51:07Z;2019-01-27T08:51:08Z;master;dragoon007;45033857;User;False;
deepak9738/rasa_0.9.8_chatbot;https://github.com/deepak9738/rasa_0.9.8_chatbot;0;0;2019-01-23T11:00:58Z;2019-01-23T11:00:58Z;2019-01-23T11:00:58Z;master;deepak9738;20350510;User;False;
mochafaishal/chatbot-rasa-ai;https://github.com/mochafaishal/chatbot-rasa-ai;0;0;2018-11-07T04:22:41Z;2018-11-07T04:22:41Z;2018-11-07T04:22:41Z;master;mochafaishal;16263193;User;False;
getVishalSingh/Restaurantchatbot;https://github.com/getVishalSingh/Restaurantchatbot;0;0;2018-10-29T18:26:01Z;2018-10-29T18:26:01Z;2018-10-29T18:26:01Z;master;getVishalSingh;31813746;User;False;
neel17/retail_chatbot;https://github.com/neel17/retail_chatbot;0;0;2018-10-23T06:28:06Z;2018-10-23T06:28:06Z;2018-10-23T06:28:07Z;master;neel17;10815595;User;False;
sriyogesh94/Rasa_Training;https://github.com/sriyogesh94/Rasa_Training;0;0;2018-09-18T09:36:23Z;2018-09-18T09:36:23Z;2018-09-18T09:36:24Z;master;sriyogesh94;20486575;User;False;
sachin4utandon/chatbot-using-rasa;https://github.com/sachin4utandon/chatbot-using-rasa;0;0;2018-07-30T20:22:44Z;2018-07-30T20:22:44Z;2018-07-30T20:22:45Z;master;sachin4utandon;24762780;User;False;
saurabhsingh13no/Rasa-Chatbot;https://github.com/saurabhsingh13no/Rasa-Chatbot;0;0;2018-04-19T01:59:01Z;2019-05-23T17:16:50Z;2018-04-19T01:59:02Z;master;saurabhsingh13no;25018264;User;False;
